id,trait,minp,n,keep
ukb-b-19921,Impedance of whole body,3.60E-34,21,y
ukb-b-7376,Impedance of leg (right),6.50E-35,19,
ukb-b-14068,Impedance of leg (left),4.80E-30,17,
ukb-b-10787,Standing height,2.40E-37,13,y
ukb-b-13354,Whole body fat-free mass,5.00E-56,13,
ukb-b-14540,Whole body water mass,5.90E-56,13,
ukb-b-19379,Impedance of arm (left),1.30E-26,13,
ukb-b-12828,Leg fat-free mass (right),8.80E-54,12,
ukb-b-14310,Leg predicted mass (right),1.60E-53,12,
ukb-b-16099,Leg fat-free mass (left),6.00E-51,12,
ukb-b-16446,Basal metabolic rate,5.00E-58,12,y
ukb-b-16881,Sitting height,1.70E-55,12,
ukb-b-11842,Weight,1.80E-52,11,
ukb-b-12039,Weight,2.00E-51,11,
ukb-b-16489,Qualifications: College or University degree,2.50E-19,11,y
ukb-b-17271,Leg predicted mass (left),6.10E-51,11,
ukb-b-7859,Impedance of arm (right),2.50E-26,11,
ukb-b-9093,Arm predicted mass (left),1.80E-55,11,
ukb-b-9685,Trunk predicted mass,8.40E-55,11,
ukb-b-16698,Arm predicted mass (right),3.50E-50,10,
ukb-b-17409,Trunk fat-free mass,1.20E-54,10,
ukb-b-19393,Whole body fat mass,1.50E-30,10,
ukb-b-19520,Arm fat-free mass (right),4.20E-50,10,
ukb-b-19953,Body mass index (BMI),8.50E-37,10,
ukb-b-15590,Hip circumference,5.00E-36,9,
ukb-b-20044,Trunk fat mass,2.30E-28,9,
ukb-b-2303,Body mass index (BMI),5.40E-36,9,
ukb-b-6704,Arm fat mass (right),3.90E-38,9,
ukb-b-7212,Leg fat mass (left),9.40E-30,9,
ukb-b-8338,Arm fat mass (left),4.60E-36,9,
ukb-d-30080_irnt,Platelet count,7.10E-33,9,y
ukb-b-18096,Leg fat mass (right),7.10E-27,8,
ukb-b-19925,Arm fat-free mass (left),8.50E-56,8,
ukb-b-4650,Comparative body size at age 10,1.20E-15,8,y
ukb-d-30090_irnt,Platelet crit,6.29E-48,8,
ukb-d-30300_irnt,High light scatter reticulocyte count,6.34E-23,8,
ukb-b-12854,Arm fat percentage (right),7.70E-37,7,
ukb-b-16407,Trunk fat percentage,1.60E-26,7,
ukb-b-20188,Arm fat percentage (left),2.40E-37,7,
ukb-b-9405,Waist circumference,1.10E-40,7,
ukb-d-30250_irnt,Reticulocyte count,3.31E-21,7,
ukb-d-30290_irnt,High light scatter reticulocyte percentage,1.03E-14,7,
ukb-d-30770_irnt,IGF-1,1.83E-79,7,y
ukb-b-18377,Leg fat percentage (left),1.50E-27,6,
ukb-b-19373,Duration to first press of snap-button in each round,7.80E-15,6,y
ukb-b-20544,Nervous feelings,8.70E-13,6,
ukb-b-4080,Ankle spacing width,3.30E-28,6,y
ukb-b-6591,Age first had sexual intercourse,5.90E-17,6,y
ukb-b-7992,"Diastolic blood pressure, automated reading",6.90E-29,6,y
ukb-d-30050_irnt,Mean corpuscular haemoglobin,1.25E-26,6,y
ukb-d-30140_irnt,Neutrophill count,7.74E-19,6,y
ukb-d-30240_irnt,Reticulocyte percentage,2.97E-15,6,
ukb-d-30720_irnt,Cystatin C,1.91E-21,6,
ukb-d-30770_raw,IGF-1,1.81E-76,6,
ukb-b-15851,"Heel Broadband ultrasound attenuation, direct entry",6.70E-21,5,
ukb-b-16287,Mean time to correctly identify matches,5.60E-17,5,y
ukb-b-17729,Qualifications: None of the above,1.40E-13,5,
ukb-b-19234,"Heel quantitative ultrasound index (QUI), direct entry",1.50E-23,5,
ukb-b-20124,"Heel bone mineral density (BMD) T-score, automated",1.50E-23,5,
ukb-b-20175,"Systolic blood pressure, automated reading",8.80E-39,5,
ukb-b-20531,Leg fat percentage (right),5.00E-28,5,
ukb-b-4630,Neuroticism score,8.00E-19,5,y
ukb-b-4779,Plays computer games,6.30E-14,5,
ukb-b-6519,Worrier / anxious feelings,1.90E-13,5,
ukb-b-8875,Heel bone mineral density (BMD),1.90E-24,5,y
ukb-b-8909,Body fat percentage,2.10E-28,5,
ukb-d-20116_0,Smoking status: Never,6.02E-14,5,
ukb-d-30000_irnt,White blood cell (leukocyte) count,4.29E-15,5,y
ukb-d-30010_irnt,Red blood cell (erythrocyte) count,5.52E-66,5,
ukb-d-30020_irnt,Haemoglobin concentration,2.07E-30,5,
ukb-d-30040_irnt,Mean corpuscular volume,9.08E-28,5,
ukb-d-30070_irnt,Red blood cell (erythrocyte) distribution width,1.75E-61,5,
ukb-d-30100_irnt,Mean platelet (thrombocyte) volume,1.59E-19,5,
ukb-d-30110_irnt,Platelet distribution width,2.37E-25,5,
ukb-d-30260_irnt,Mean reticulocyte volume,2.21E-59,5,
ukb-d-30630_irnt,Apoliprotein A,9.91E-63,5,y
ukb-d-30630_raw,Apoliprotein A,1.51E-59,5,
ukb-d-30700_irnt,Creatinine,2.08E-64,5,
ukb-d-30830_irnt,SHBG,5.89E-33,5,
ukb-d-30870_irnt,Triglycerides,1.91E-30,5,y
ukb-b-18200,"Blood clot, DVT, bronchitis, emphysema, asthma, rhinitis, eczema, allergy diagnosed by doctor: None of the above",3.00E-13,4,
ukb-b-18994,Miserableness,3.00E-13,4,
ukb-b-19994,Spherical power (right),5.80E-15,4,
ukb-b-2134,Past tobacco smoking,1.00E-14,4,y
ukb-b-3768,Age when periods started (menarche),9.60E-19,4,y
ukb-b-4256,Lifetime number of sexual partners,5.70E-14,4,
ukb-b-4424,Sleep duration,1.10E-16,4,y
ukb-b-5238,Fluid intelligence score,7.00E-16,4,y
ukb-b-5779,Alcohol intake frequency.,6.90E-15,4,y
ukb-b-8607,Ankle spacing width (right),1.00E-10,4,
ukb-d-30030_irnt,Haematocrit percentage,1.26E-32,4,
ukb-d-30120_irnt,Lymphocyte count,1.21E-11,4,
ukb-d-30130_irnt,Monocyte count,1.52E-16,4,
ukb-d-30210_irnt,Eosinophill percentage,3.85E-18,4,y
ukb-d-30600_irnt,Albumin,7.81E-33,4,
ukb-d-30600_raw,Albumin,2.08E-32,4,
ukb-d-30620_irnt,Alanine aminotransferase,2.76E-14,4,
ukb-d-30690_irnt,Cholesterol,1.97E-24,4,y
ukb-d-30690_raw,Cholesterol,1.48E-24,4,
ukb-d-30700_raw,Creatinine,7.99E-38,4,
ukb-d-30710_irnt,C-reactive protein,5.15E-84,4,y
ukb-d-30730_irnt,Gamma glutamyltransferase,6.09E-14,4,
ukb-d-30760_irnt,HDL cholesterol,7.08E-80,4,
ukb-d-30760_raw,HDL cholesterol,5.05E-74,4,
ukb-b-1096,Heel bone mineral density (BMD) (left),2.10E-13,3,
ukb-b-11615,Qualifications: A levels/AS levels or equivalent,1.10E-16,3,
ukb-b-13352,Vascular/heart problems diagnosed by doctor: None of the above,4.60E-24,3,
ukb-b-13653,Worry too long after embarrassment,2.30E-13,3,
ukb-b-13823,Time to complete round,1.20E-12,3,
ukb-b-14057,"Non-cancer illness code, self-reported: hypertension",2.50E-24,3,
ukb-b-14177,Vascular/heart problems diagnosed by doctor: High blood pressure,8.60E-24,3,
ukb-b-14180,Mood swings,1.90E-15,3,
ukb-b-15730,"Heel bone mineral density (BMD) T-score, automated (left)",4.10E-13,3,
ukb-b-17241,"Blood clot, DVT, bronchitis, emphysema, asthma, rhinitis, eczema, allergy diagnosed by doctor: Hayfever, allergic rhinitis or eczema",6.40E-18,3,
ukb-b-18103,"Pulse rate, automated reading",1.20E-09,3,
ukb-b-19809,Fed-up feelings,3.90E-11,3,
ukb-b-20032,"Heel bone mineral density (BMD) T-score, automated (right)",8.20E-17,3,
ukb-b-20261,Ever smoked,5.80E-11,3,
ukb-b-2122,Ankle spacing width (left),7.00E-13,3,
ukb-b-2772,Getting up in morning,5.60E-16,3,
ukb-b-4522,Time spent using computer,1.80E-17,3,
ukb-b-4657,Heel bone mineral density (BMD) (right),2.10E-17,3,
ukb-b-4711,Usual walking pace,7.10E-24,3,y
ukb-b-4956,Morning/evening person (chronotype),7.50E-17,3,
ukb-b-5447,Heel broadband ultrasound attenuation (left),1.20E-10,3,
ukb-b-5463,"Heel quantitative ultrasound index (QUI), direct entry (right)",8.20E-17,3,
ukb-b-6134,Age completed full time education,2.00E-10,3,
ukb-b-7500,Spherical power (left),2.00E-16,3,
ukb-b-845,"Heel quantitative ultrasound index (QUI), direct entry (left)",4.10E-13,3,
ukb-b-9981,Sensitivity / hurt feelings,1.40E-11,3,
ukb-d-30190_irnt,Monocyte percentage,2.99E-11,3,
ukb-d-30200_irnt,Neutrophill percentage,5.80E-15,3,
ukb-d-30280_irnt,Immature reticulocyte fraction,3.27E-17,3,
ukb-d-30620_raw,Alanine aminotransferase,9.02E-17,3,
ukb-d-30680_irnt,Calcium,5.58E-42,3,y
ukb-d-30680_raw,Calcium,2.33E-39,3,
ukb-d-30720_raw,Cystatin C,1.07E-15,3,y
ukb-d-30750_irnt,Glycated haemoglobin,4.29E-15,3,
ukb-d-30780_irnt,LDL direct,1.69E-19,3,y
ukb-d-30780_raw,LDL direct,6.71E-20,3,
ukb-d-30860_irnt,Total protein,6.59E-25,3,y
ukb-d-30860_raw,Total protein,2.48E-24,3,
ukb-d-30870_raw,Triglycerides,5.67E-28,3,
ukb-d-30880_irnt,Urate,1.00E-15,3,
ukb-d-30880_raw,Urate,6.66E-16,3,
ukb-b-10169,Guilty feelings,4.70E-10,2,
ukb-b-13378,Birth weight,4.20E-10,2,y
ukb-b-15418,Duration screen displayed,1.30E-13,2,
ukb-b-18009,"Medication for cholesterol, blood pressure, diabetes, or take exogenous hormones: Blood pressure medication",4.20E-12,2,
ukb-b-18335,Wheeze or whistling in the chest in last year,1.50E-10,2,
ukb-b-2988,Number of fluid intelligence questions attempted within time limit,3.40E-09,2,
ukb-b-4616,Nap during day,9.20E-28,2,
ukb-b-5192,Time spent watching television (TV),1.50E-12,2,
ukb-b-5945,Relative age of first facial hair,6.90E-22,2,
ukb-b-6027,Heel broadband ultrasound attenuation (right),5.30E-13,2,
ukb-b-6066,Tea intake,1.10E-09,2,
ukb-b-7408,Average total household income before tax,7.50E-14,2,
ukb-b-7422,Use of sun/uv protection,1.60E-21,2,
ukb-b-929,Frequency of tiredness / lethargy in last 2 weeks,1.30E-09,2,
ukb-d-2395_1,Hair/balding pattern: Pattern 1,1.03E-33,2,
ukb-d-30180_irnt,Lymphocyte percentage,9.51E-24,2,
ukb-d-30220_irnt,Basophill percentage,1.06E-12,2,
ukb-d-30270_irnt,Mean sphered cell volume,8.87E-68,2,
ukb-d-30610_irnt,Alkaline phosphatase,3.12E-20,2,
ukb-d-30610_raw,Alkaline phosphatase,5.13E-15,2,
ukb-d-30640_irnt,Apoliprotein B,4.39E-15,2,
ukb-d-30640_raw,Apoliprotein B,5.56E-15,2,
ukb-d-30650_irnt,Aspartate aminotransferase,2.96E-42,2,
ukb-d-30810_raw,Phosphate,6.35E-19,2,
ukb-b-10093,Tense / 'highly strung',8.40E-12,1,
ukb-b-10215,Hand grip strength (right),2.10E-22,1,
ukb-b-10831,Pack years of smoking,1.90E-37,1,y
ukb-b-10912,"Non-cancer illness code, self-reported: high cholesterol",8.70E-10,1,
ukb-b-11085,"Medication for pain relief, constipation, heartburn: None of the above",9.20E-09,1,
ukb-b-11348,Bread intake,4.30E-11,1,
ukb-b-11355,Ever stopped smoking for 6+ months,6.10E-10,1,
ukb-b-11480,Corneal hysteresis (right),4.10E-09,1,
ukb-b-11740,"Medication for cholesterol, blood pressure or diabetes: Cholesterol lowering medication",6.60E-09,1,
ukb-b-12019,Peak expiratory flow (PEF),6.60E-10,1,
ukb-b-12405,Age at first live birth,4.10E-13,1,
ukb-b-12493,Diagnoses - secondary ICD10: I10 Essential (primary) hypertension,1.60E-09,1,
ukb-b-13184,"Types of physical activity in last 4 weeks: Heavy DIY (eg: weeding, lawn mowing, carpentry, digging)",1.20E-10,1,
ukb-b-13246,Childhood sunburn occasions,1.40E-63,1,
ukb-b-13506,3mm weak meridian (right),8.60E-09,1,
ukb-b-13745,Irritability,1.10E-09,1,
ukb-b-13799,"Qualifications: Other professional qualifications eg: nursing, teaching",5.00E-09,1,
ukb-b-14147,Risk taking,4.00E-09,1,
ukb-b-1419,Frequency of unenthusiasm / disinterest in last 2 weeks,1.40E-13,1,
ukb-b-14203,Hot drink temperature,2.00E-11,1,
ukb-b-14486,"Non-cancer illness code, self-reported: osteoarthritis",9.00E-19,1,
ukb-b-14521,Illnesses of father: Lung cancer,4.60E-16,1,
ukb-b-14713,"Forced vital capacity (FVC), Best measure",8.30E-09,1,
ukb-b-1489,Cheese intake,7.00E-12,1,
ukb-b-15592,Operation code: varicose vein surgery,2.10E-15,1,
ukb-b-1572,Difficulty not smoking for 1 day,3.70E-19,1,
ukb-b-15926,Cereal intake,5.20E-09,1,
ukb-b-16254,Pain type(s) experienced in last month: Knee pain,5.30E-09,1,
ukb-b-16311,Interval between previous point and current one in alphanumeric path (trail #2),8.20E-09,1,
ukb-b-16576,Dried fruit intake,2.10E-11,1,
ukb-b-17400,Snoring,1.40E-09,1,
ukb-b-17422,Age at menopause (last menstrual period),1.20E-09,1,
ukb-b-17557,Types of transport used (excluding work): Cycle,1.60E-09,1,
ukb-b-17595,"Medication for pain relief, constipation, heartburn: Paracetamol",1.10E-11,1,
ukb-b-17685,Maternal smoking around birth,2.80E-11,1,
ukb-b-18099,Qualifications: O levels/GCSEs or equivalent,9.60E-11,1,
ukb-b-18167,Illnesses of mother: High blood pressure,1.70E-09,1,
ukb-b-18596,Pain type(s) experienced in last month: Neck or shoulder pain,5.70E-11,1,
ukb-b-19560,Skin colour,6.90E-168,1,
ukb-b-19585,Duration to entering value,5.20E-09,1,
ukb-b-19950,Operative procedures - main OPCS: X99.8 No procedure performed,1.50E-09,1,
ukb-b-20140,Duration to complete alphanumeric path (trail #2),4.30E-09,1,
ukb-b-20176,Illnesses of mother: Lung cancer,1.80E-10,1,
ukb-b-20498,Number of incorrect matches in round,8.20E-12,1,
ukb-b-2148,Facial ageing,7.10E-13,1,
ukb-b-2209,Oily fish intake,4.70E-13,1,
ukb-b-223,Current tobacco smoking,7.80E-10,1,
ukb-b-2393,"Never eat eggs, dairy, wheat, sugar: I eat all of the above",7.90E-15,1,
ukb-b-2732,Time from waking to first cigarette,4.00E-13,1,
ukb-b-3258,Number of attempts,1.00E-09,1,
ukb-b-3357,Birth weight of first child,3.20E-10,1,
ukb-b-3460,Alcohol intake versus 10 years previously,1.90E-10,1,
ukb-b-3700,Operation code: hysterectomy,7.80E-09,1,
ukb-b-3822,Frequency of depressed mood in last 2 weeks,2.30E-10,1,
ukb-b-3855,Attendance/disability/mobility allowance: None of the above,2.20E-09,1,
ukb-b-3957,Sleeplessness / insomnia,5.70E-10,1,
ukb-b-4171,Leisure/social activities: Pub or social club,6.50E-09,1,
ukb-b-469,Number of cigarettes currently smoked daily (current cigarette smokers),4.20E-19,1,
ukb-b-4710,Number of days/week of moderate physical activity 10+ minutes,1.50E-09,1,
ukb-b-5237,Coffee intake,1.90E-09,1,
ukb-b-5262,Relative age voice broke,5.00E-10,1,
ukb-b-533,Ease of skin tanning,8.20E-222,1,
ukb-b-5495,"Never eat eggs, dairy, wheat, sugar: Sugar or foods/drinks containing sugar",5.40E-13,1,
ukb-b-5801,Age started wearing glasses or contact lenses,3.80E-09,1,
ukb-b-6019,Number of cigarettes previously smoked daily,2.20E-53,1,
ukb-b-6306,Overall health rating,4.70E-09,1,
ukb-b-703,Duration walking for pleasure,7.70E-12,1,
ukb-b-7460,Pack years adult smoking as proportion of life span exposed to smoking,3.40E-43,1,
ukb-b-7478,Hand grip strength (left),1.80E-20,1,
ukb-b-7663,Types of physical activity in last 4 weeks: Strenuous sports,6.10E-11,1,
ukb-b-7953,Forced vital capacity (FVC),5.00E-12,1,
ukb-b-8133,"Light smokers, at least 100 smokes in lifetime",1.20E-18,1,
ukb-b-8147,Treatment/medication code: paracetamol,9.40E-12,1,
ukb-b-8476,"Loneliness, isolation",3.80E-09,1,
ukb-b-8727,Age at last live birth,1.80E-09,1,
ukb-b-9127,Illnesses of father: Chronic bronchitis/emphysema,1.20E-09,1,
ukb-b-9130,Pain type(s) experienced in last month: None of the above,1.00E-10,1,
ukb-b-969,Time spend outdoors in summer,3.90E-09,1,
ukb-b-9917,Interval between previous point and current one in numeric path (trail #1),9.30E-10,1,
ukb-d-1468_4,Cereal type: Muesli,3.32E-10,1,
ukb-d-1508_1,Coffee type: Decaffeinated coffee (any type),7.46E-16,1,
ukb-d-1747_2,"Hair colour (natural, before greying): Red",1.53E-213,1,
ukb-d-1747_4,"Hair colour (natural, before greying): Dark brown",9.99E-21,1,
ukb-d-30650_raw,Aspartate aminotransferase,1.19E-11,1,
ukb-d-30660_irnt,Direct bilirubin,2.95E-09,1,
ukb-d-30660_raw,Direct bilirubin,1.46E-09,1,
ukb-d-30670_irnt,Urea,1.75E-10,1,
ukb-d-30670_raw,Urea,3.32E-09,1,
ukb-d-30710_raw,C-reactive protein,1.29E-09,1,
ukb-d-30810_irnt,Phosphate,7.01E-19,1,
ukb-d-30830_raw,SHBG,3.60E-26,1,
ukb-d-30840_irnt,Total bilirubin,7.90E-15,1,
ukb-d-30840_raw,Total bilirubin,1.64E-13,1,
ukb-d-30850_raw,Testosterone,6.26E-12,1,
ukb-d-30890_irnt,Vitamin D,9.00E-09,1,
ukb-d-C3_MELANOMA_SKIN,Malignant melanoma of skin,4.27E-09,1,
ukb-d-XIII_MUSCULOSKELET,Diseases of the musculoskeletal system and connective tissue,1.86E-10,1,